date,store,product_category,price,quantity,discount_percent,revenue,payment_method,customer_age,customer_rating
2023-02-07,Store_D,Sports,466.62,2,15,793.25,Cash,23,1
2023-05-10,Store_A,Sports,201.4,3,20,483.36,Cash,55,3
2023-09-10,Store_C,Sports,18.56,3,20,44.54,Card,41,2
2023-12-19,Store_C,Clothing,484.29,4,5,1840.3,Cash,19,1
2023-07-29,Store_A,Electronics,24.33,4,10,87.6,E-Wallet,26,4
2023-02-19,Store_B,Home,347.48,2,15,590.71,Cash,30,3
2023-12-03,Store_B,Home,376.32,4,0,1505.29,E-Wallet,22,2
2023-10-10,Store_B,Electronics,237.27,4,20,759.27,E-Wallet,45,2
2023-05-17,Store_A,Groceries,152.97,4,5,581.29,Cash,25,4
2023-03-16,Store_C,Electronics,55.66,4,5,211.49,Cash,31,4
2023-09-11,Store_B,Sports,74.28,3,20,178.28,Card,45,4
2023-07-20,Store_D,Sports,446.61,3,20,1071.86,Card,57,5
2023-08-29,Store_A,Groceries,320.73,3,20,769.75,Cash,35,2
2023-07-22,Store_A,Sports,181.48,2,20,290.37,E-Wallet,59,1
2023-12-20,Store_C,Sports,394.54,3,10,1065.26,E-Wallet,50,2
2023-07-18,Store_C,Electronics,154.17,2,5,292.93,E-Wallet,60,5
2023-10-06,Store_B,Clothing,237.97,2,20,380.75,Card,28,1
2023-02-26,Store_B,Electronics,90.31,2,5,171.59,Cash,32,5
2023-10-27,Store_C,Electronics,378.17,1,15,321.44,Card,27,3
2023-11-22,Store_A,Electronics,19.01,2,15,32.32,E-Wallet,31,1
2023-02-15,Store_D,Electronics,120.64,2,15,205.09,Card,20,1
2023-03-05,Store_D,Home,120.32,2,10,216.58,Cash,38,4
2023-11-07,Store_A,Sports,217.05,4,20,694.56,Cash,48,3
2023-04-20,Store_D,Electronics,392.07,2,10,705.72,Cash,33,2
2023-04-19,Store_D,Electronics,150.71,1,20,120.57,E-Wallet,33,4
2023-10-03,Store_D,Groceries,469.66,4,15,1596.85,E-Wallet,64,5
2023-04-11,Store_A,Electronics,415.35,1,15,353.04,Cash,55,2
2023-10-26,Store_C,Groceries,291.97,3,5,832.13,Cash,22,1
2023-07-26,Store_B,Home,37.84,3,5,107.83,E-Wallet,28,2
2023-08-29,Store_A,Groceries,52.18,2,0,104.35,Card,40,1
2023-04-23,Store_A,Home,37.65,4,20,120.48,Cash,41,5
2023-12-11,Store_A,Sports,462.97,4,5,1759.3,E-Wallet,38,2
2023-04-25,Store_C,Sports,277.03,4,20,886.48,E-Wallet,30,1
2023-08-04,Store_D,Home,348.13,3,15,887.72,Card,23,3
2023-06-21,Store_C,Electronics,57.17,1,5,54.31,Card,45,4
2023-12-05,Store_D,Electronics,293.1,3,0,879.29,Cash,40,3
2023-05-12,Store_C,Sports,176.41,4,0,705.65,E-Wallet,24,5
2023-05-03,Store_A,Clothing,404.64,2,5,768.82,Cash,59,2
2023-09-04,Store_B,Sports,296.48,3,15,756.01,Cash,59,5
2023-05-25,Store_C,Home,290.57,2,15,493.96,E-Wallet,59,2
2023-08-02,Store_B,Sports,83.09,1,15,70.63,E-Wallet,26,5
2023-08-16,Store_B,Clothing,350.27,1,0,350.27,E-Wallet,36,2
2023-11-16,Store_D,Electronics,164.73,1,10,148.25,E-Wallet,52,5
2023-07-23,Store_C,Groceries,162.11,2,10,291.79,Card,34,5
2023-08-26,Store_A,Groceries,216.22,3,0,648.65,Cash,32,5
2023-04-21,Store_D,Clothing,152.91,1,5,145.26,E-Wallet,24,5
2023-10-11,Store_A,Sports,224.68,3,5,640.35,Card,64,1
2023-09-28,Store_A,Electronics,406.87,3,10,1098.55,Cash,46,1
2023-05-26,Store_C,Clothing,175.86,2,15,298.96,Card,23,2
2023-02-12,Store_C,Sports,236.21,3,10,637.76,Cash,35,3
2023-11-01,Store_B,Home,255.2,2,0,510.41,E-Wallet,22,1
2023-06-05,Store_C,Sports,163.02,1,10,146.71,Cash,30,1
2023-11-14,Store_D,Sports,341.82,1,10,307.64,Card,48,4
2023-05-25,Store_D,Electronics,28.91,1,15,24.57,Cash,53,5
2023-12-02,Store_B,Home,179.3,1,20,143.44,E-Wallet,21,3
2023-02-12,Store_C,Groceries,53.88,3,0,161.63,E-Wallet,35,3
2023-08-08,Store_B,Electronics,484.93,2,5,921.38,Card,32,2
2023-01-31,Store_D,Clothing,27.6,4,5,104.89,Cash,53,1
2023-06-15,Store_A,Groceries,105.51,3,20,253.23,E-Wallet,28,1
2023-03-05,Store_D,Groceries,269.3,1,20,215.44,Cash,47,3
2023-12-29,Store_A,Clothing,98.38,4,20,314.8,Cash,37,1
2023-07-24,Store_C,Home,134.78,3,15,343.68,E-Wallet,49,2
2023-07-24,Store_A,Groceries,152.18,3,20,365.23,E-Wallet,49,2
2023-08-10,Store_B,Home,452.28,4,0,1809.13,Card,46,4
2023-10-27,Store_D,Electronics,46.01,4,5,174.85,E-Wallet,47,4
2023-12-09,Store_B,Home,27.68,3,10,74.73,Cash,58,5
2023-10-01,Store_D,Electronics,409.8,1,5,389.31,E-Wallet,36,5
2023-06-14,Store_C,Electronics,294.06,1,10,264.65,Cash,48,5
2023-04-29,Store_C,Clothing,491.16,2,20,785.86,Card,30,5
2023-07-12,Store_B,Electronics,390.85,3,5,1113.93,Cash,25,3
2023-04-29,Store_D,Groceries,271.62,3,0,814.86,Card,39,3
2023-04-03,Store_D,Sports,458.06,2,5,870.32,E-Wallet,19,5
2023-08-02,Store_D,Sports,431.29,3,5,1229.17,E-Wallet,56,5
2023-12-22,Store_D,Home,445.24,1,10,400.72,Card,50,2
2023-01-01,Store_B,Electronics,491.3,1,0,491.3,Card,50,1
2023-06-02,Store_B,Clothing,460.9,4,20,1474.89,Card,50,2
2023-12-11,Store_C,Home,18.51,2,0,37.01,E-Wallet,58,2
2023-05-15,Store_B,Home,346.66,4,15,1178.65,Card,46,3
2023-07-31,Store_A,Groceries,420.22,3,10,1134.61,Cash,48,2
2023-10-30,Store_D,Clothing,289.3,1,0,289.3,Cash,64,3
2023-05-13,Store_B,Sports,79.82,2,15,135.7,E-Wallet,28,2
2023-10-21,Store_D,Clothing,440.24,4,10,1584.86,Cash,57,1
2023-03-08,Store_C,Sports,498.39,3,15,1270.9,Card,32,5
2023-05-02,Store_A,Home,21.05,2,10,37.89,Card,61,4
2023-11-25,Store_A,Electronics,88.15,4,5,334.98,Card,32,4
2023-12-08,Store_A,Sports,241.06,3,10,650.85,Cash,36,3
2023-08-22,Store_D,Clothing,308.71,1,5,293.27,Cash,61,1
2023-10-24,Store_A,Clothing,319.58,3,20,766.99,Cash,56,2
2023-11-05,Store_B,Home,346.41,4,10,1247.07,Card,39,2
2023-03-31,Store_C,Groceries,405.94,3,0,1217.83,E-Wallet,62,3
2023-05-08,Store_D,Electronics,244.79,4,15,832.29,Cash,64,2
2023-06-08,Store_B,Electronics,127.89,3,0,383.67,Card,61,2
2023-01-02,Store_B,Home,101.54,2,5,192.93,E-Wallet,36,3
2023-06-22,Store_D,Clothing,110.78,4,15,376.65,E-Wallet,55,1
2023-05-10,Store_A,Clothing,249.17,2,15,423.59,Cash,45,3
2023-04-03,Store_A,Sports,88.2,4,0,352.81,Card,28,1
2023-07-30,Store_B,Groceries,244.95,4,5,930.8,Card,60,3
2023-02-22,Store_B,Clothing,218.43,1,5,207.51,E-Wallet,26,2
2023-01-03,Store_C,Clothing,323.73,4,0,1294.91,Cash,41,1
2023-02-12,Store_D,Home,300.58,2,15,510.98,Card,28,3
2023-12-20,Store_D,Home,392.18,4,10,1411.85,E-Wallet,21,4
2023-05-10,Store_B,Home,42.7,2,0,85.41,E-Wallet,56,5
2023-11-29,Store_B,Sports,361.66,3,15,922.22,E-Wallet,20,1
2023-12-05,Store_A,Electronics,302.19,2,10,543.94,Cash,38,2
2023-07-17,Store_C,Clothing,394.62,4,5,1499.57,E-Wallet,23,3
2023-05-26,Store_B,Clothing,423.73,2,0,847.46,Cash,25,5
2023-02-13,Store_C,Electronics,326.32,1,20,261.06,E-Wallet,59,3
2023-11-30,Store_B,Clothing,134.34,4,15,456.76,Card,47,5
2023-06-28,Store_A,Home,190.56,4,5,724.14,Cash,61,3
2023-12-11,Store_D,Sports,353.92,3,10,955.58,E-Wallet,42,4
2023-01-11,Store_D,Sports,442.1,3,15,1127.35,Card,36,5
2023-03-16,Store_D,Clothing,475.23,3,5,1354.4,Cash,54,4
2023-01-19,Store_C,Home,160.1,1,15,136.08,E-Wallet,39,2
2023-10-04,Store_D,Electronics,234.18,3,15,597.17,E-Wallet,29,5
2023-03-27,Store_C,Sports,84.41,1,10,75.97,Card,26,1
2023-10-02,Store_C,Sports,38.56,1,15,32.78,Card,30,5
2023-01-26,Store_A,Home,424.73,4,10,1529.03,Cash,50,2
2023-12-16,Store_A,Home,311.57,1,20,249.26,E-Wallet,51,2
2023-11-16,Store_A,Home,431.3,1,20,345.04,Cash,22,4
2023-03-18,Store_A,Groceries,248.31,1,20,198.65,Cash,28,3
2023-07-05,Store_C,Home,98.83,3,5,281.66,Cash,49,2
2023-06-20,Store_B,Groceries,359.39,1,20,287.51,Cash,63,1
2023-06-04,Store_C,Sports,206.21,2,0,412.42,Card,36,5
2023-08-19,Store_D,Clothing,206.43,4,20,660.56,Cash,23,3
2023-10-01,Store_B,Groceries,201.02,3,5,572.91,Cash,50,1
2023-03-10,Store_C,Electronics,405.1,4,10,1458.35,Card,43,3
2023-08-05,Store_A,Clothing,282.44,4,5,1073.26,Card,31,3
2023-08-23,Store_A,Sports,131.58,3,5,374.99,Cash,24,4
2023-05-29,Store_D,Home,359.8,2,0,719.6,Card,44,2
2023-12-15,Store_D,Groceries,263.25,2,5,500.18,Card,26,4
2023-05-07,Store_D,Home,86.99,4,0,347.95,Card,25,5
2023-12-17,Store_B,Electronics,471.56,3,0,1414.68,Card,37,4
2023-01-28,Store_B,Electronics,279.75,2,10,503.55,Card,21,3
2023-12-26,Store_C,Electronics,431.24,3,0,1293.72,E-Wallet,49,5
2023-05-16,Store_D,Electronics,491.48,3,10,1327.01,Cash,48,4
2023-12-29,Store_A,Electronics,461.44,3,10,1245.9,E-Wallet,44,5
2023-08-26,Store_D,Electronics,37.05,1,10,33.34,Cash,32,2
2023-11-02,Store_A,Electronics,28.76,2,20,46.01,Card,20,5
2023-05-09,Store_B,Groceries,98.16,3,0,294.47,Card,61,5
2023-06-25,Store_B,Electronics,48.34,3,5,137.76,Card,33,2
2023-10-15,Store_C,Electronics,78.68,3,20,188.82,E-Wallet,61,5
2023-01-10,Store_C,Home,460.87,4,10,1659.13,Card,23,5
2023-07-07,Store_C,Electronics,37.1,4,20,118.71,Card,34,3
2023-03-25,Store_A,Groceries,6.14,1,20,4.91,E-Wallet,45,5
2023-10-23,Store_C,Groceries,266.62,4,5,1013.17,Card,41,2
2023-08-28,Store_B,Electronics,227.2,4,10,817.9,E-Wallet,20,1
2023-03-25,Store_C,Groceries,40.65,4,15,138.2,Cash,49,5
2023-12-10,Store_C,Sports,252.47,2,10,454.44,Card,33,1
2023-07-23,Store_A,Groceries,173.41,2,5,329.48,Card,46,5
2023-06-29,Store_C,Home,40.1,3,5,114.3,Cash,62,1
2023-04-20,Store_D,Groceries,260.3,2,0,520.59,Card,32,4
2023-06-20,Store_A,Groceries,39.82,2,10,71.67,Cash,38,1
2023-10-02,Store_A,Clothing,239.61,2,20,383.37,E-Wallet,57,1
2023-05-13,Store_A,Sports,250.3,1,20,200.24,E-Wallet,52,4
2023-08-17,Store_D,Sports,116.73,3,15,297.67,Cash,23,2
2023-09-23,Store_D,Home,35.61,3,15,90.81,E-Wallet,62,4
2023-04-23,Store_A,Electronics,279.56,1,0,279.56,E-Wallet,61,4
2023-04-05,Store_B,Groceries,388.37,2,20,621.39,Card,18,4
2023-11-12,Store_C,Electronics,348.46,4,0,1393.83,Card,18,5
2023-12-07,Store_C,Sports,318.69,3,0,956.08,Cash,64,5
2023-10-16,Store_A,Electronics,424.61,2,15,721.84,E-Wallet,49,3
2023-04-21,Store_B,Home,224.14,2,15,381.03,E-Wallet,43,4
2023-05-31,Store_B,Home,205.96,4,0,823.85,Cash,21,4
2023-12-19,Store_C,Clothing,204.13,4,15,694.03,E-Wallet,54,5
2023-03-06,Store_A,Electronics,207.22,4,15,704.55,E-Wallet,25,1
2023-01-15,Store_B,Home,255.02,3,15,650.31,Card,47,2
2023-01-06,Store_B,Sports,408.24,2,15,694.0,Card,34,1
2023-02-08,Store_C,Electronics,127.9,1,0,127.9,Card,22,5
2023-12-07,Store_B,Groceries,449.01,4,0,1796.03,Card,33,3
2023-12-20,Store_D,Groceries,428.25,2,10,770.84,Cash,56,3
2023-05-27,Store_B,Clothing,325.99,1,0,325.99,Cash,64,3
2023-10-21,Store_C,Electronics,112.91,1,0,112.91,Cash,33,1
2023-12-28,Store_C,Electronics,135.59,3,0,406.78,Cash,34,5
2023-01-22,Store_A,Sports,304.31,2,15,517.33,E-Wallet,48,2
2023-01-23,Store_D,Groceries,265.32,3,10,716.38,Card,51,5
2023-12-02,Store_B,Groceries,324.48,1,15,275.81,Card,50,5
2023-10-30,Store_D,Home,105.05,1,5,99.8,E-Wallet,38,4
2023-04-04,Store_A,Sports,462.08,2,5,877.95,Card,64,1
2023-05-31,Store_C,Groceries,377.06,4,15,1282.01,Card,41,5
2023-07-25,Store_C,Clothing,177.43,3,0,532.3,Cash,57,5
2023-03-26,Store_B,Clothing,496.32,1,5,471.51,Cash,19,1
2023-04-18,Store_D,Groceries,408.66,2,10,735.59,Card,20,2
2023-09-25,Store_B,Home,479.13,4,15,1629.04,Cash,21,4
2023-08-10,Store_B,Home,306.48,1,20,245.19,E-Wallet,53,2
2023-05-14,Store_D,Clothing,366.05,2,0,732.1,E-Wallet,56,3
2023-03-05,Store_D,Groceries,292.61,1,20,234.09,E-Wallet,33,1
2023-12-05,Store_C,Electronics,436.12,2,10,785.01,E-Wallet,40,1
2023-04-05,Store_A,Clothing,376.68,3,10,1017.03,E-Wallet,39,5
2023-11-12,Store_A,Groceries,424.66,3,0,1273.97,Cash,31,3
2023-11-19,Store_B,Clothing,79.34,3,10,214.22,Cash,45,4
2023-08-16,Store_D,Sports,60.83,3,0,182.48,Card,29,2
2023-06-14,Store_C,Home,419.44,1,15,356.52,Card,53,1
2023-04-21,Store_A,Sports,59.43,4,15,202.06,E-Wallet,49,5
2023-12-03,Store_D,Groceries,340.14,4,10,1224.52,Cash,55,1
2023-06-18,Store_A,Home,141.83,4,5,538.95,Card,22,5
2023-05-27,Store_A,Electronics,117.66,4,0,470.64,E-Wallet,62,4
2023-08-27,Store_B,Electronics,134.47,3,15,342.9,Card,26,3
2023-08-09,Store_B,Home,491.09,1,5,466.53,Card,45,2
2023-09-10,Store_B,Groceries,360.21,4,10,1296.75,Cash,30,2
2023-06-08,Store_D,Clothing,297.31,3,15,758.13,E-Wallet,48,3
2023-11-22,Store_B,Sports,490.79,3,0,1472.36,Card,57,4
2023-03-11,Store_C,Sports,194.14,2,0,388.28,E-Wallet,43,4
2023-05-09,Store_A,Sports,444.31,3,20,1066.34,E-Wallet,18,5
2023-04-10,Store_D,Electronics,176.95,2,10,318.51,Card,33,1
2023-08-18,Store_D,Clothing,186.16,3,10,502.64,Cash,39,4
2023-07-18,Store_A,Sports,476.41,3,20,1143.39,E-Wallet,36,2
2023-08-01,Store_B,Electronics,112.89,4,5,429.0,E-Wallet,63,5
2023-10-21,Store_C,Home,351.76,2,15,598.0,Cash,47,3
2023-07-03,Store_B,Electronics,40.45,1,15,34.38,Cash,22,2
2023-10-24,Store_B,Electronics,56.95,4,20,182.25,Card,56,2
2023-08-19,Store_D,Groceries,198.35,1,5,188.43,E-Wallet,61,3
2023-01-09,Store_D,Clothing,332.56,2,5,631.86,E-Wallet,50,5
2023-09-19,Store_D,Sports,23.61,1,20,18.89,Card,40,1
2023-01-23,Store_D,Clothing,357.07,1,5,339.22,Cash,50,2
2023-02-23,Store_B,Sports,456.88,3,0,1370.63,E-Wallet,51,4
2023-02-24,Store_B,Sports,145.48,2,15,247.31,Card,32,5
2023-09-26,Store_D,Groceries,466.29,1,10,419.66,Cash,62,5
2023-09-28,Store_D,Electronics,22.1,1,15,18.78,E-Wallet,21,2
2023-12-26,Store_C,Clothing,419.84,4,10,1511.43,Cash,51,5
2023-09-20,Store_D,Electronics,444.56,3,5,1266.99,Cash,52,3
2023-04-01,Store_C,Groceries,367.06,1,20,293.65,Cash,57,1
2023-01-10,Store_C,Clothing,401.33,1,15,341.13,Card,30,4
2023-12-27,Store_C,Groceries,23.74,3,10,64.1,Cash,49,3
2023-05-08,Store_B,Clothing,477.07,1,20,381.66,Card,18,4
2023-07-26,Store_D,Sports,380.24,2,5,722.46,Cash,39,4
2023-03-13,Store_A,Electronics,55.28,1,20,44.23,E-Wallet,22,5
2023-04-13,Store_D,Sports,445.82,4,10,1604.96,Card,22,2
2023-04-10,Store_A,Groceries,489.32,2,5,929.71,E-Wallet,56,3
2023-06-15,Store_C,Electronics,347.06,2,5,659.41,Card,31,4
2023-07-06,Store_A,Clothing,104.83,1,10,94.35,E-Wallet,49,2
2023-04-02,Store_D,Home,446.46,4,10,1607.25,Cash,43,2
2023-06-08,Store_A,Sports,138.48,3,5,394.67,Card,63,2
2023-10-09,Store_B,Groceries,70.94,3,15,180.89,E-Wallet,50,3
2023-07-31,Store_B,Electronics,468.2,1,15,397.97,E-Wallet,42,3
2023-06-06,Store_B,Electronics,249.44,4,15,848.11,E-Wallet,26,3
2023-02-18,Store_A,Home,318.0,1,20,254.4,Card,60,1
2023-06-18,Store_D,Sports,11.66,2,0,23.31,Cash,41,2
2023-05-29,Store_B,Electronics,162.68,1,10,146.41,Card,45,5
2023-03-02,Store_B,Home,148.18,1,0,148.18,Cash,46,5
2023-04-17,Store_B,Clothing,267.78,3,10,723.0,Card,64,2
2023-07-24,Store_B,Groceries,162.52,1,20,130.01,Card,33,5
2023-11-16,Store_D,Groceries,352.35,1,10,317.11,Cash,43,5
2023-06-15,Store_D,Clothing,10.3,3,0,30.89,Card,18,5
2023-02-24,Store_D,Home,403.96,3,20,969.51,E-Wallet,64,3
2023-08-19,Store_D,Clothing,229.65,1,0,229.65,Card,44,4
2023-04-25,Store_B,Groceries,86.26,1,15,73.32,Cash,52,3
2023-04-26,Store_B,Electronics,42.43,4,0,169.73,Cash,59,4
2023-07-19,Store_D,Clothing,238.67,3,0,716.0,Card,50,5
2023-09-19,Store_C,Groceries,188.68,3,5,537.73,Cash,48,3
2023-01-03,Store_B,Electronics,476.61,2,20,762.58,Card,20,2
2023-01-12,Store_D,Groceries,120.51,4,20,385.64,Cash,38,2
2023-08-27,Store_B,Clothing,5.51,4,15,18.74,Card,34,5
2023-12-05,Store_B,Sports,428.8,4,5,1629.44,Cash,37,3
2023-09-26,Store_B,Groceries,211.73,4,10,762.22,Cash,40,2
2023-12-10,Store_C,Home,165.12,4,20,528.39,Cash,36,5
2023-07-05,Store_D,Clothing,483.47,1,5,459.3,Card,44,4
2023-09-12,Store_A,Home,174.26,2,15,296.25,Cash,30,2
2023-06-15,Store_C,Groceries,146.36,3,0,439.09,E-Wallet,23,1
2023-08-22,Store_A,Electronics,448.0,3,20,1075.19,Cash,29,5
2023-01-15,Store_C,Sports,165.19,3,0,495.57,E-Wallet,42,1
2023-09-15,Store_D,Home,168.41,1,5,159.99,Cash,59,4
2023-04-24,Store_B,Electronics,325.66,4,0,1302.62,Cash,47,3
2023-12-15,Store_C,Electronics,234.1,4,5,889.57,Card,63,1
2023-12-18,Store_D,Groceries,123.87,2,10,222.96,Cash,36,4
2023-07-03,Store_A,Clothing,68.84,2,5,130.8,Cash,51,2
2023-07-05,Store_B,Clothing,124.57,3,0,373.71,Cash,45,5
2023-06-04,Store_A,Sports,159.09,4,20,509.09,E-Wallet,61,2
2023-03-17,Store_B,Sports,473.85,4,10,1705.84,Card,19,1
2023-07-06,Store_D,Electronics,248.75,4,15,845.75,Cash,59,4
2023-05-23,Store_B,Sports,427.47,1,20,341.98,Cash,30,3
2023-03-01,Store_A,Electronics,18.98,4,5,72.12,Cash,36,5
2023-04-11,Store_A,Electronics,93.1,2,20,148.95,E-Wallet,57,2
2023-09-27,Store_B,Electronics,481.14,1,15,408.97,Card,42,2
2023-01-19,Store_C,Home,115.88,1,5,110.08,Card,32,5
2023-02-15,Store_B,Clothing,196.85,2,0,393.69,Card,41,3
2023-05-08,Store_D,Groceries,250.34,2,5,475.64,E-Wallet,50,3
2023-04-20,Store_C,Electronics,173.21,4,10,623.57,E-Wallet,22,1
2023-10-05,Store_D,Clothing,260.37,4,0,1041.48,E-Wallet,30,2
2023-08-17,Store_A,Sports,88.64,3,15,226.02,Cash,35,2
2023-04-06,Store_B,Clothing,331.22,4,0,1324.89,E-Wallet,38,1
2023-11-09,Store_B,Sports,241.39,2,15,410.36,Cash,43,2
2023-08-10,Store_A,Sports,13.91,4,20,44.52,Cash,37,5
2023-08-06,Store_A,Clothing,357.82,3,15,912.45,Cash,44,2
2023-01-15,Store_C,Home,10.74,4,0,42.95,Cash,20,4
2023-09-16,Store_D,Home,185.81,2,10,334.46,Card,40,2
2023-05-20,Store_A,Sports,387.0,4,10,1393.2,Cash,49,5
2023-04-13,Store_C,Clothing,324.74,2,5,617.0,Card,43,1
2023-06-26,Store_A,Electronics,123.12,2,10,221.62,Cash,48,5
2023-11-25,Store_A,Electronics,229.37,3,15,584.89,Cash,53,4
2023-10-15,Store_B,Electronics,62.9,3,10,169.83,Cash,33,4
2023-05-10,Store_A,Clothing,411.0,2,20,657.6,Cash,44,3
2023-05-05,Store_D,Home,59.32,2,15,100.84,Card,26,1
2023-03-18,Store_A,Groceries,43.44,2,20,69.5,E-Wallet,55,4
2023-09-14,Store_D,Clothing,189.69,4,0,758.75,Card,20,3
2023-05-23,Store_D,Home,490.66,1,10,441.6,E-Wallet,62,3
2023-03-20,Store_D,Sports,292.34,3,5,833.18,Card,22,5
2023-06-19,Store_D,Electronics,43.17,4,10,155.42,E-Wallet,31,2
2023-07-23,Store_D,Groceries,288.55,3,5,822.36,Card,32,2
2023-07-18,Store_A,Home,138.41,3,5,394.47,Card,57,3
2023-11-22,Store_A,Home,30.98,2,10,55.77,Card,30,4
2023-01-25,Store_D,Clothing,302.99,4,0,1211.98,E-Wallet,41,4
2023-06-23,Store_D,Electronics,237.8,3,15,606.38,Card,58,3
2023-06-08,Store_B,Clothing,164.57,3,15,419.65,Card,31,3
2023-07-21,Store_A,Sports,425.44,4,5,1616.67,Card,18,2
2023-02-02,Store_B,Groceries,27.52,2,0,55.04,Cash,55,3
2023-06-20,Store_B,Groceries,274.26,3,0,822.77,Cash,18,3
2023-10-23,Store_A,Electronics,134.4,4,20,430.09,Cash,47,4
2023-10-31,Store_A,Home,435.7,1,5,413.92,Card,42,4
2023-12-14,Store_D,Home,305.24,2,0,610.48,Cash,30,4
2023-09-05,Store_A,Electronics,469.68,3,5,1338.6,Card,44,1
2023-06-17,Store_D,Groceries,315.83,2,10,568.49,E-Wallet,62,1
2023-04-30,Store_A,Electronics,17.97,4,0,71.88,E-Wallet,24,5
2023-12-30,Store_B,Groceries,467.49,4,20,1495.98,Cash,32,3
2023-04-28,Store_D,Home,473.63,2,5,899.9,Card,54,1
2023-09-01,Store_A,Home,443.89,1,5,421.69,Card,34,1
2023-12-17,Store_D,Sports,95.55,2,15,162.43,Cash,30,5
2023-08-13,Store_C,Electronics,479.3,2,15,814.82,E-Wallet,53,1
2023-04-07,Store_A,Sports,196.12,4,15,666.81,Cash,28,4
2023-03-15,Store_C,Electronics,401.66,4,5,1526.3,Card,36,3
2023-08-04,Store_D,Electronics,452.15,2,20,723.44,E-Wallet,20,1
2023-03-19,Store_D,Home,127.97,3,5,364.71,E-Wallet,60,3
2023-05-06,Store_B,Sports,372.98,4,5,1417.32,Card,45,1
2023-01-30,Store_D,Clothing,288.5,2,20,461.6,E-Wallet,48,4
2023-05-12,Store_A,Electronics,464.36,2,0,928.71,Cash,27,3
2023-10-22,Store_B,Groceries,134.83,1,5,128.09,Card,56,2
2023-07-29,Store_D,Clothing,154.0,2,10,277.2,Cash,30,5
2023-05-03,Store_B,Groceries,194.19,4,0,776.75,Card,28,1
2023-06-03,Store_A,Home,491.0,2,10,883.81,Cash,42,4
2023-10-08,Store_A,Clothing,160.75,4,10,578.7,Cash,41,1
2023-04-24,Store_C,Clothing,463.23,3,10,1250.73,E-Wallet,60,1
2023-10-18,Store_D,Groceries,98.36,4,20,314.75,Cash,46,3
2023-12-13,Store_A,Electronics,43.55,1,10,39.2,Card,45,4
2023-02-23,Store_C,Clothing,104.26,2,15,177.24,E-Wallet,23,5
2023-03-25,Store_C,Home,282.9,4,15,961.85,Card,38,2
2023-09-26,Store_D,Electronics,251.5,2,10,452.7,Card,57,1
2023-10-31,Store_D,Electronics,217.02,4,20,694.48,Cash,41,5
2023-12-30,Store_D,Electronics,163.82,3,10,442.31,E-Wallet,48,3
2023-03-27,Store_A,Clothing,14.71,1,5,13.98,Cash,33,5
2023-12-23,Store_C,Groceries,55.9,2,15,95.02,E-Wallet,55,1
2023-04-22,Store_C,Sports,103.57,3,20,248.56,Cash,42,2
2023-09-16,Store_C,Electronics,96.17,4,5,365.44,E-Wallet,49,2
2023-01-03,Store_D,Home,475.79,1,0,475.79,Card,59,3
2023-12-06,Store_A,Sports,324.48,4,15,1103.22,Cash,56,1
2023-09-08,Store_B,Electronics,128.46,3,10,346.83,E-Wallet,56,2
2023-02-06,Store_A,Sports,112.52,1,20,90.02,Cash,20,4
2023-04-14,Store_D,Groceries,223.02,3,5,635.6,Cash,41,3
2023-09-22,Store_D,Electronics,404.58,2,10,728.24,E-Wallet,23,2
2023-09-06,Store_D,Sports,159.53,2,20,255.25,Cash,60,2
2023-05-09,Store_B,Electronics,154.58,4,15,525.57,Card,36,4
2023-03-10,Store_D,Groceries,322.44,2,5,612.64,Card,35,5
2023-11-03,Store_A,Sports,206.8,3,10,558.36,E-Wallet,48,1
2023-07-03,Store_A,Clothing,355.11,1,5,337.35,Card,24,1
2023-04-16,Store_B,Home,169.49,2,20,271.18,E-Wallet,42,2
2023-07-17,Store_D,Home,419.0,1,15,356.15,E-Wallet,37,3
2023-10-28,Store_C,Home,230.91,3,5,658.09,E-Wallet,49,5
2023-04-18,Store_C,Electronics,474.03,3,10,1279.89,Cash,20,5
2023-04-16,Store_D,Groceries,71.11,4,20,227.55,Cash,27,2
2023-06-06,Store_C,Sports,273.33,4,0,1093.31,E-Wallet,47,5
2023-01-16,Store_C,Sports,345.32,4,15,1174.08,Cash,22,2
2023-11-24,Store_C,Electronics,443.48,2,20,709.57,E-Wallet,35,2
2023-12-27,Store_D,Electronics,274.1,2,10,493.38,Card,30,1
2023-01-29,Store_D,Home,406.54,1,10,365.89,Card,63,3
2023-02-05,Store_C,Home,313.66,1,10,282.29,Cash,20,5
2023-11-02,Store_A,Sports,334.5,2,10,602.09,E-Wallet,62,1
2023-12-14,Store_D,Clothing,85.32,1,5,81.06,E-Wallet,24,3
2023-09-04,Store_A,Groceries,147.31,4,20,471.4,E-Wallet,44,3
2023-02-28,Store_B,Groceries,340.65,3,15,868.66,E-Wallet,31,2
2023-04-16,Store_B,Electronics,429.48,2,20,687.16,Cash,42,4
2023-11-23,Store_D,Groceries,357.81,3,5,1019.76,Cash,38,5
2023-02-25,Store_D,Groceries,264.19,4,15,898.26,Card,50,3
2023-03-13,Store_B,Electronics,329.15,2,0,658.31,Card,40,3
2023-05-16,Store_B,Groceries,129.23,4,5,491.06,E-Wallet,18,4
2023-10-06,Store_C,Clothing,18.13,2,20,29.01,Card,46,3
2023-03-30,Store_A,Home,309.32,1,20,247.45,E-Wallet,31,1
2023-08-14,Store_B,Electronics,8.49,4,0,33.95,E-Wallet,39,1
2023-08-09,Store_C,Clothing,262.05,3,15,668.23,E-Wallet,31,2
2023-07-10,Store_C,Groceries,82.8,3,15,211.14,Cash,29,5
2023-12-24,Store_B,Clothing,18.21,3,20,43.72,Cash,43,4
2023-05-07,Store_C,Electronics,208.49,4,10,750.56,E-Wallet,58,4
2023-04-29,Store_C,Electronics,440.18,1,10,396.16,Card,26,4
2023-06-05,Store_B,Electronics,62.0,4,10,223.2,Cash,25,5
2023-06-24,Store_B,Groceries,6.54,4,0,26.16,E-Wallet,61,2
2023-01-02,Store_B,Groceries,371.45,1,0,371.45,Cash,34,3
2023-05-08,Store_C,Electronics,254.36,3,15,648.62,Cash,43,4
2023-07-10,Store_B,Electronics,302.01,3,15,770.14,E-Wallet,51,4
2023-01-10,Store_D,Electronics,355.68,3,0,1067.05,E-Wallet,55,5
2023-04-14,Store_C,Home,81.99,3,15,209.07,Card,25,3
2023-08-19,Store_D,Home,104.81,1,0,104.81,E-Wallet,60,2
2023-05-24,Store_D,Electronics,416.65,2,15,708.3,E-Wallet,21,3
2023-09-16,Store_A,Clothing,79.47,2,5,150.99,E-Wallet,45,1
2023-01-21,Store_A,Home,328.1,3,10,885.88,Cash,54,1
2023-06-22,Store_C,Groceries,68.27,2,5,129.72,Cash,64,2
2023-04-21,Store_B,Electronics,180.47,3,15,460.2,Card,60,2
2023-10-31,Store_A,Sports,310.79,2,20,497.26,E-Wallet,50,3
2023-05-02,Store_C,Home,111.11,3,20,266.66,E-Wallet,39,1
2023-05-16,Store_B,Home,105.12,3,20,252.29,Card,39,5
2023-11-14,Store_C,Electronics,417.37,2,10,751.26,Cash,47,2
2023-01-08,Store_C,Groceries,432.24,1,15,367.4,Cash,25,3
2023-09-10,Store_C,Groceries,496.1,2,10,892.98,Cash,40,4
2023-11-29,Store_B,Electronics,294.78,2,0,589.55,Card,60,3
2023-03-27,Store_B,Sports,434.78,3,15,1108.68,E-Wallet,19,4
2023-05-09,Store_C,Clothing,63.77,3,20,153.05,Card,33,3
2023-03-23,Store_C,Electronics,71.95,3,20,172.69,E-Wallet,43,2
2023-06-20,Store_B,Sports,407.97,1,20,326.37,Card,23,5
2023-01-08,Store_D,Sports,370.21,3,0,1110.64,Card,37,2
2023-05-20,Store_B,Home,265.94,2,10,478.7,Card,55,2
2023-05-24,Store_B,Sports,177.64,2,20,284.22,Card,47,5
2023-03-28,Store_B,Home,471.59,4,20,1509.08,E-Wallet,63,3
2023-12-18,Store_A,Electronics,359.96,3,5,1025.88,Card,34,3
2023-06-10,Store_C,Clothing,92.38,2,5,175.52,Cash,51,4
2023-06-08,Store_B,Electronics,63.59,1,5,60.41,Card,19,1
2023-07-18,Store_A,Groceries,264.92,2,5,503.35,Card,41,5
2023-04-06,Store_C,Electronics,473.09,4,10,1703.12,Card,57,4
2023-04-19,Store_C,Electronics,10.68,2,0,21.36,Cash,43,5
2023-12-05,Store_A,Home,65.5,2,20,104.79,E-Wallet,46,1
2023-04-30,Store_C,Sports,321.33,3,5,915.79,Cash,19,2
2023-01-08,Store_D,Groceries,438.74,3,5,1250.4,Cash,41,5
2023-10-07,Store_B,Clothing,39.32,4,20,125.82,Cash,23,4
2023-10-10,Store_D,Electronics,21.27,2,15,36.16,Cash,54,4
2023-02-26,Store_D,Electronics,460.02,4,20,1472.05,Cash,49,5
2023-06-17,Store_B,Electronics,238.82,3,10,644.83,E-Wallet,42,2
2023-01-26,Store_C,Home,464.71,1,20,371.77,Card,29,5
2023-08-13,Store_D,Groceries,409.55,4,20,1310.57,E-Wallet,26,1
2023-10-28,Store_D,Groceries,303.57,1,15,258.04,Cash,37,4
2023-05-26,Store_C,Electronics,400.63,3,0,1201.89,Card,55,4
2023-06-09,Store_B,Groceries,490.96,2,20,785.53,Card,41,5
2023-09-11,Store_B,Home,43.03,1,20,34.43,Cash,61,3
2023-06-13,Store_B,Home,269.21,3,5,767.25,Card,34,4
2023-11-16,Store_B,Electronics,342.92,2,20,548.68,Card,37,2
2023-05-01,Store_B,Home,92.26,4,0,369.03,Card,37,1
2023-07-18,Store_A,Home,302.39,2,20,483.82,Card,51,2
2023-06-28,Store_A,Clothing,438.62,4,5,1666.76,Cash,33,2
2023-06-17,Store_D,Groceries,117.5,4,5,446.51,Card,20,1
2023-11-10,Store_B,Groceries,110.56,2,5,210.06,Cash,23,3
2023-12-09,Store_C,Sports,491.35,4,0,1965.42,Card,44,5
2023-01-28,Store_C,Electronics,422.85,1,20,338.28,Card,63,5
2023-12-12,Store_C,Groceries,47.9,4,5,182.03,Card,31,3
2023-05-19,Store_A,Clothing,10.57,4,10,38.07,E-Wallet,54,1
2023-07-06,Store_B,Groceries,9.81,3,20,23.53,E-Wallet,29,4
2023-05-12,Store_C,Groceries,364.98,2,15,620.47,Cash,30,4
2023-07-27,Store_B,Clothing,333.22,3,15,849.71,E-Wallet,43,5
2023-07-22,Store_D,Home,235.94,2,10,424.68,Card,51,5
2023-03-17,Store_D,Home,80.08,3,5,228.23,E-Wallet,19,1
2023-01-08,Store_A,Home,414.95,1,0,414.95,Card,52,4
2023-07-11,Store_C,Home,195.43,4,15,664.48,Card,23,2
2023-06-09,Store_C,Clothing,435.05,1,0,435.05,Cash,28,2
2023-10-07,Store_C,Home,498.13,3,5,1419.67,Card,48,2
2023-10-03,Store_A,Home,165.82,1,0,165.82,Cash,30,5
2023-10-23,Store_A,Clothing,96.95,3,0,290.85,E-Wallet,49,3
2023-01-24,Store_A,Electronics,228.93,4,15,778.35,Card,61,3
2023-03-06,Store_B,Home,126.25,3,10,340.88,Card,63,1
2023-09-08,Store_B,Electronics,475.13,4,5,1805.49,Card,64,3
2023-04-15,Store_B,Electronics,411.6,3,15,1049.59,E-Wallet,63,4
2023-01-23,Store_C,Groceries,122.61,2,20,196.17,Card,29,3
2023-09-22,Store_D,Home,453.38,3,10,1224.12,Card,32,4
2023-07-31,Store_D,Home,343.95,3,0,1031.86,Card,39,1
2023-05-08,Store_D,Sports,293.57,3,5,836.66,Cash,51,5
2023-08-06,Store_C,Electronics,481.98,2,10,867.57,E-Wallet,56,2
2023-07-16,Store_B,Home,380.73,4,15,1294.49,Card,39,3
2023-10-22,Store_A,Electronics,448.25,1,10,403.43,E-Wallet,52,4
2023-11-08,Store_D,Electronics,169.22,2,20,270.75,Cash,42,4
2023-06-21,Store_A,Home,53.77,4,0,215.06,Cash,30,2
2023-07-07,Store_B,Clothing,284.99,4,5,1082.95,E-Wallet,18,3
2023-03-28,Store_D,Home,125.91,3,20,302.18,Card,32,1
2023-07-11,Store_A,Groceries,110.39,1,15,93.83,Cash,58,3
2023-03-11,Store_D,Clothing,175.49,1,15,149.17,Cash,63,3
2023-10-10,Store_A,Groceries,222.57,2,0,445.14,E-Wallet,31,4
2023-10-31,Store_B,Clothing,41.53,4,5,157.8,Cash,19,3
2023-11-20,Store_B,Home,189.85,1,20,151.88,Cash,32,3
2023-09-20,Store_A,Groceries,371.69,2,15,631.87,E-Wallet,40,5
2023-11-26,Store_C,Home,389.22,2,20,622.75,Cash,42,4
2023-01-23,Store_C,Clothing,469.58,3,10,1267.87,Cash,39,2
2023-11-14,Store_D,Sports,465.86,4,20,1490.75,Cash,35,5
2023-12-14,Store_C,Home,468.04,4,20,1497.72,E-Wallet,27,5
2023-07-31,Store_D,Home,166.04,3,15,423.4,E-Wallet,18,3
2023-05-03,Store_D,Clothing,303.74,3,10,820.1,Cash,60,2
2023-08-19,Store_B,Clothing,87.72,1,20,70.17,E-Wallet,24,5
2023-12-28,Store_C,Home,434.62,1,5,412.89,Cash,24,5
2023-02-01,Store_D,Home,244.67,4,0,978.68,Cash,48,3
2023-06-22,Store_A,Home,88.3,1,15,75.06,Cash,54,4
2023-01-02,Store_A,Electronics,205.96,4,10,741.47,E-Wallet,47,3
2023-06-01,Store_C,Sports,92.29,2,0,184.57,Card,44,4
2023-12-17,Store_C,Sports,31.1,3,10,83.97,Card,36,2
2023-11-27,Store_C,Groceries,112.71,3,5,321.24,Card,27,2
2023-11-28,Store_B,Sports,298.08,4,20,953.85,Cash,21,2
2023-03-25,Store_A,Clothing,16.9,4,5,64.21,Card,24,1
2023-11-12,Store_A,Sports,68.72,2,15,116.83,Card,36,5
2023-01-18,Store_B,Clothing,167.81,1,10,151.03,Card,59,1
2023-05-03,Store_C,Sports,6.35,2,0,12.71,Card,30,3
2023-03-05,Store_A,Clothing,437.47,4,0,1749.87,E-Wallet,36,1
2023-09-23,Store_D,Electronics,155.22,3,10,419.09,E-Wallet,34,5
2023-06-10,Store_A,Home,269.26,4,20,861.64,Card,24,2
2023-12-06,Store_A,Groceries,459.43,2,15,781.03,E-Wallet,58,3
2023-01-17,Store_D,Clothing,493.27,2,0,986.54,Cash,23,2
2023-07-23,Store_A,Home,81.24,2,20,129.98,Card,39,3
2023-07-07,Store_A,Sports,292.58,2,15,497.38,E-Wallet,31,5
2023-07-30,Store_D,Electronics,311.0,1,15,264.35,Cash,20,2
2023-08-08,Store_B,Home,364.95,4,5,1386.8,Cash,64,2
2023-02-23,Store_C,Sports,436.98,3,20,1048.76,Cash,53,1
2023-04-21,Store_C,Clothing,10.23,2,15,17.39,Cash,23,3
2023-10-02,Store_B,Clothing,434.75,3,0,1304.24,Card,54,2
2023-03-03,Store_A,Groceries,275.12,1,0,275.12,E-Wallet,31,4
2023-08-07,Store_A,Groceries,223.79,1,10,201.41,Cash,22,4
2023-12-28,Store_C,Clothing,342.49,4,5,1301.45,Card,20,3
2023-10-24,Store_A,Groceries,255.76,2,5,485.94,Card,48,1
2023-02-23,Store_D,Clothing,123.73,4,10,445.44,Card,22,2
2023-07-25,Store_C,Sports,320.23,4,5,1216.89,E-Wallet,57,1
2023-04-09,Store_B,Home,110.32,1,10,99.28,E-Wallet,27,4
2023-04-19,Store_A,Groceries,137.19,1,5,130.33,Cash,25,1
2023-05-18,Store_B,Sports,177.53,2,0,355.05,Cash,23,2
2023-08-25,Store_B,Groceries,410.0,1,15,348.5,Card,19,2
2023-06-28,Store_C,Groceries,37.47,2,20,59.95,E-Wallet,55,5
2023-05-25,Store_D,Sports,293.2,2,0,586.39,Cash,48,3
2023-08-05,Store_C,Sports,209.13,1,20,167.31,E-Wallet,27,2
2023-10-28,Store_D,Groceries,139.4,3,15,355.46,Cash,24,5
2023-03-01,Store_C,Electronics,126.76,3,10,342.25,E-Wallet,27,4
2023-10-16,Store_D,Home,50.79,3,0,152.37,Card,56,5
2023-04-18,Store_C,Groceries,160.47,2,0,320.94,Card,58,1
2023-03-19,Store_D,Groceries,11.6,2,5,22.05,E-Wallet,25,3
2023-09-18,Store_C,Electronics,247.33,1,10,222.6,Cash,35,1
2023-04-19,Store_B,Clothing,272.73,4,10,981.81,E-Wallet,52,4
2023-11-02,Store_C,Home,67.39,3,0,202.16,Cash,28,3
2023-08-13,Store_D,Groceries,455.25,4,0,1821.0,E-Wallet,56,2
2023-02-14,Store_B,Clothing,430.11,2,10,774.2,E-Wallet,54,5
2023-10-15,Store_B,Groceries,88.93,4,10,320.16,E-Wallet,41,4
2023-04-27,Store_A,Sports,254.2,4,10,915.12,Cash,20,1
2023-04-15,Store_D,Electronics,166.95,2,10,300.51,E-Wallet,18,5
2023-01-25,Store_D,Home,332.37,2,20,531.79,Card,22,2
2023-11-03,Store_D,Groceries,465.78,3,15,1187.74,Cash,36,5
2023-02-07,Store_B,Electronics,52.41,1,10,47.17,E-Wallet,32,2
2023-01-23,Store_C,Electronics,147.3,1,0,147.3,Cash,28,1
2023-03-07,Store_A,Electronics,216.52,2,10,389.74,E-Wallet,52,1
2023-04-25,Store_B,Groceries,238.4,3,0,715.21,E-Wallet,54,1
2023-08-24,Store_C,Clothing,431.04,2,15,732.76,Card,55,1
2023-12-03,Store_B,Home,403.92,2,0,807.84,E-Wallet,18,4
2023-07-01,Store_A,Groceries,249.29,4,20,797.74,Card,62,2
2023-09-20,Store_C,Electronics,52.66,4,15,179.06,E-Wallet,33,4
2023-07-23,Store_C,Electronics,342.04,4,0,1368.14,Card,55,3
2023-11-15,Store_B,Groceries,206.81,1,10,186.13,E-Wallet,28,5
2023-05-15,Store_A,Electronics,88.07,1,10,79.26,Card,49,1
2023-06-02,Store_A,Clothing,465.4,1,15,395.59,E-Wallet,29,5
2023-03-02,Store_B,Sports,36.14,1,20,28.91,E-Wallet,24,1
2023-11-28,Store_C,Groceries,323.93,3,20,777.44,E-Wallet,24,3
2023-09-27,Store_D,Sports,46.36,1,10,41.73,Cash,37,1
2023-01-16,Store_D,Groceries,467.6,1,15,397.46,Cash,27,1
2023-09-21,Store_B,Clothing,442.63,4,5,1681.99,Cash,38,3
2023-12-21,Store_A,Sports,451.41,3,0,1354.22,Cash,21,3
2023-06-11,Store_C,Electronics,435.79,3,0,1307.36,Card,32,2
2023-03-20,Store_A,Home,437.84,1,20,350.27,Card,43,5
2023-02-18,Store_C,Clothing,359.68,3,0,1079.05,E-Wallet,34,4
2023-02-01,Store_B,Home,81.99,3,10,221.39,Card,58,3
2023-10-15,Store_D,Groceries,452.3,2,15,768.9,Cash,43,4
2023-04-23,Store_A,Sports,403.66,4,20,1291.72,Card,64,5
2023-03-08,Store_B,Home,377.84,4,5,1435.79,Cash,32,5
2023-02-10,Store_B,Sports,302.79,4,15,1029.49,Card,57,4
2023-11-23,Store_B,Electronics,494.62,2,20,791.4,Cash,37,4
2023-04-17,Store_A,Groceries,436.16,2,20,697.86,Card,60,2
2023-09-24,Store_D,Electronics,247.68,1,20,198.15,Card,37,5
2023-01-13,Store_A,Home,338.32,1,20,270.66,E-Wallet,59,4
2023-02-23,Store_D,Groceries,160.99,3,20,386.38,E-Wallet,53,1
2023-11-25,Store_B,Electronics,272.51,3,0,817.52,E-Wallet,23,3
2023-02-27,Store_B,Sports,499.2,2,15,848.65,Cash,24,2
2023-12-11,Store_A,Groceries,446.39,4,10,1607.0,Card,28,1
2023-09-02,Store_C,Groceries,58.33,4,15,198.31,E-Wallet,31,1
2023-08-09,Store_A,Electronics,7.14,3,5,20.35,Cash,57,3
2023-11-21,Store_C,Groceries,119.5,4,15,406.31,E-Wallet,41,2
2023-07-02,Store_C,Clothing,407.61,4,20,1304.35,Card,58,4
2023-09-27,Store_C,Groceries,38.26,2,5,72.7,Card,46,5
2023-04-15,Store_B,Clothing,349.96,4,0,1399.86,Cash,48,4
2023-06-10,Store_C,Home,200.49,4,0,801.98,Card,53,4
2023-01-09,Store_D,Clothing,255.44,3,10,689.69,Card,63,3
2023-12-15,Store_A,Clothing,465.56,1,5,442.29,Card,59,3
2023-11-30,Store_C,Electronics,43.15,3,5,122.97,Card,31,5
2023-05-22,Store_B,Home,68.34,4,15,232.35,Cash,27,5
2023-01-08,Store_C,Home,95.33,4,20,305.06,Cash,34,3
2023-03-05,Store_A,Electronics,232.27,4,5,882.64,Card,35,2
2023-08-17,Store_A,Home,268.09,1,0,268.09,Card,21,2
2023-01-13,Store_B,Sports,467.07,4,20,1494.63,Card,51,2
2023-12-11,Store_B,Electronics,124.28,3,10,335.54,E-Wallet,56,2
2023-09-01,Store_D,Home,397.02,4,10,1429.27,Cash,29,5
2023-01-31,Store_B,Clothing,244.94,1,0,244.94,E-Wallet,41,1
2023-11-24,Store_B,Electronics,320.6,3,20,769.45,Cash,55,4
2023-12-06,Store_D,Sports,227.04,1,10,204.34,Cash,45,5
2023-04-09,Store_D,Groceries,359.61,3,5,1024.89,E-Wallet,50,3
2023-02-24,Store_D,Sports,432.33,3,0,1297.0,Card,28,2
2023-09-25,Store_B,Home,349.84,2,5,664.7,Cash,41,2
2023-06-24,Store_B,Clothing,144.48,3,15,368.41,Card,49,2
2023-12-29,Store_C,Groceries,26.13,4,15,88.84,Card,24,5
2023-01-09,Store_C,Home,442.94,1,20,354.36,Cash,57,4
2023-08-28,Store_C,Clothing,304.02,3,10,820.87,E-Wallet,61,3
2023-04-02,Store_B,Electronics,239.86,1,20,191.89,Cash,23,3
2023-10-31,Store_B,Home,348.19,1,0,348.19,E-Wallet,20,2
2023-01-19,Store_C,Home,285.28,3,0,855.84,E-Wallet,42,2
2023-06-10,Store_C,Sports,154.61,1,20,123.69,E-Wallet,64,1
2023-09-29,Store_C,Home,54.21,3,15,138.23,Cash,47,5
2023-06-16,Store_A,Electronics,305.66,4,15,1039.25,E-Wallet,23,5
2023-09-29,Store_B,Groceries,389.44,3,15,993.07,E-Wallet,47,3
2023-12-07,Store_B,Sports,155.67,1,20,124.54,Card,18,5
2023-05-18,Store_C,Home,273.79,2,10,492.83,Cash,21,2
2023-10-04,Store_B,Clothing,126.2,4,10,454.32,Card,39,1
2023-04-28,Store_C,Home,117.67,2,0,235.34,E-Wallet,21,5
2023-12-03,Store_C,Electronics,145.81,1,20,116.65,Card,55,1
2023-05-16,Store_A,Sports,367.31,4,20,1175.39,Cash,58,3
2023-05-07,Store_D,Sports,442.41,1,10,398.17,E-Wallet,60,2
2023-10-09,Store_D,Home,378.85,1,10,340.96,E-Wallet,33,5
2023-02-06,Store_B,Sports,418.59,4,5,1590.62,Cash,44,5
2023-02-15,Store_B,Sports,223.71,1,10,201.34,E-Wallet,24,3
2023-08-31,Store_D,Sports,184.26,2,0,368.53,E-Wallet,19,5
2023-07-27,Store_D,Groceries,493.27,4,10,1775.78,Cash,23,2
2023-04-21,Store_A,Electronics,346.56,4,15,1178.3,Cash,44,1
2023-04-19,Store_B,Clothing,87.1,1,15,74.04,E-Wallet,24,4
2023-12-06,Store_C,Clothing,419.73,3,10,1133.26,Card,62,3
2023-08-10,Store_A,Electronics,294.65,3,20,707.17,Cash,34,5
2023-06-14,Store_D,Sports,235.25,3,20,564.6,E-Wallet,38,3
2023-04-28,Store_B,Groceries,249.56,1,0,249.56,E-Wallet,38,5
2023-03-14,Store_A,Groceries,188.68,3,0,566.05,Cash,36,4
2023-07-29,Store_D,Groceries,108.2,2,5,205.59,Card,42,5
2023-06-14,Store_B,Clothing,259.01,3,5,738.17,E-Wallet,21,3
2023-07-02,Store_C,Sports,126.74,1,5,120.41,Cash,26,5
2023-04-04,Store_B,Sports,166.32,4,5,632.03,E-Wallet,57,1
2023-06-27,Store_C,Home,336.85,2,15,572.65,Card,43,3
2023-05-30,Store_C,Groceries,291.64,2,15,495.78,Card,21,3
2023-06-21,Store_A,Home,157.08,3,15,400.56,E-Wallet,41,3
2023-05-24,Store_D,Groceries,43.88,2,10,78.98,Card,62,1
2023-03-23,Store_D,Clothing,269.54,1,15,229.11,E-Wallet,56,2
2023-03-02,Store_B,Home,139.24,1,0,139.24,E-Wallet,43,1
2023-05-27,Store_A,Clothing,235.38,3,0,706.13,E-Wallet,28,3
2023-02-16,Store_A,Electronics,50.34,4,20,161.09,Cash,51,2
2023-04-01,Store_B,Clothing,210.25,4,15,714.86,E-Wallet,60,4
2023-01-23,Store_C,Electronics,147.5,1,15,125.38,Cash,64,5
2023-03-02,Store_D,Groceries,246.9,3,5,703.65,Card,28,3
2023-02-25,Store_B,Groceries,407.51,3,20,978.02,E-Wallet,31,2
2023-08-24,Store_D,Sports,391.05,2,20,625.68,Cash,45,3
2023-07-01,Store_C,Electronics,187.73,3,20,450.56,Cash,25,5
2023-04-10,Store_B,Home,391.93,4,20,1254.18,Cash,26,1
2023-03-08,Store_B,Groceries,52.95,3,15,135.03,Card,47,1
2023-09-19,Store_B,Sports,195.19,3,20,468.47,Cash,50,1
2023-01-04,Store_A,Home,375.57,1,15,319.24,Cash,63,2
2023-11-23,Store_A,Groceries,79.28,4,5,301.27,Cash,31,2
2023-11-08,Store_D,Clothing,169.13,4,20,541.22,Cash,23,3
2023-12-10,Store_A,Electronics,387.25,4,20,1239.21,Cash,62,4
2023-01-19,Store_D,Electronics,332.56,3,20,798.14,E-Wallet,48,2
2023-01-20,Store_B,Groceries,66.51,1,0,66.51,E-Wallet,64,1
2023-12-03,Store_C,Sports,333.26,1,0,333.26,Cash,20,1
2023-12-16,Store_D,Clothing,184.2,2,15,313.14,Card,18,5
2023-04-24,Store_B,Home,291.15,2,5,553.18,E-Wallet,59,1
2023-10-07,Store_B,Groceries,241.7,3,0,725.09,E-Wallet,36,2
2023-07-11,Store_C,Groceries,486.95,3,15,1241.71,Cash,33,4
2023-10-05,Store_C,Sports,209.66,1,15,178.21,Card,49,5
2023-07-14,Store_A,Groceries,483.67,1,20,386.94,E-Wallet,63,5
2023-12-31,Store_B,Groceries,63.39,3,15,161.64,E-Wallet,28,2
2023-10-10,Store_B,Groceries,245.6,4,10,884.17,Cash,42,3
2023-04-16,Store_C,Clothing,24.48,3,0,73.44,E-Wallet,44,5
2023-11-05,Store_D,Sports,240.99,3,20,578.38,E-Wallet,45,5
2023-01-09,Store_B,Clothing,54.08,4,20,173.06,Cash,52,4
2023-01-20,Store_A,Home,403.4,4,0,1613.6,Card,36,5
2023-07-02,Store_A,Home,176.74,2,20,282.79,Cash,57,1
2023-11-15,Store_A,Electronics,93.36,3,20,224.08,E-Wallet,36,3
2023-03-16,Store_B,Home,110.21,2,10,198.38,Card,50,1
2023-02-02,Store_A,Clothing,498.32,2,20,797.31,Cash,45,1
2023-09-09,Store_C,Home,147.53,3,15,376.21,Cash,47,5
2023-12-20,Store_B,Electronics,181.57,4,0,726.3,Cash,23,2
2023-05-27,Store_B,Groceries,242.47,1,0,242.47,Cash,44,1
2023-11-27,Store_D,Sports,403.91,4,20,1292.52,Cash,46,2
2023-05-17,Store_B,Groceries,489.29,3,0,1467.88,Card,53,1
2023-12-30,Store_C,Sports,277.04,3,20,664.9,Card,38,1
2023-06-10,Store_A,Groceries,238.49,2,0,476.99,E-Wallet,36,1
2023-03-09,Store_B,Sports,63.88,3,10,172.49,Card,22,5
2023-05-30,Store_A,Clothing,365.21,3,20,876.51,Cash,50,1
2023-11-27,Store_B,Home,45.5,4,15,154.69,Cash,26,2
2023-08-12,Store_A,Clothing,80.67,1,15,68.57,E-Wallet,23,2
2023-08-11,Store_B,Sports,273.79,3,0,821.36,Cash,49,4
2023-05-08,Store_C,Sports,125.28,4,20,400.89,E-Wallet,19,3
2023-03-24,Store_B,Sports,286.52,2,10,515.74,E-Wallet,45,4
2023-05-17,Store_B,Sports,365.24,3,20,876.58,Card,20,5
2023-10-31,Store_C,Electronics,318.77,2,0,637.54,E-Wallet,62,1
2023-08-03,Store_C,Clothing,256.8,1,5,243.96,Cash,39,1
2023-03-18,Store_B,Sports,78.38,1,0,78.38,Cash,20,4
2023-08-12,Store_A,Clothing,131.33,1,15,111.63,Cash,31,1
2023-08-30,Store_D,Home,437.35,2,5,830.96,Card,37,1
2023-03-13,Store_A,Clothing,205.79,2,20,329.26,E-Wallet,53,5
2023-08-16,Store_D,Electronics,343.85,1,15,292.27,E-Wallet,53,4
2023-01-04,Store_A,Home,297.58,2,5,565.41,Card,54,3
2023-08-07,Store_A,Clothing,58.46,3,5,166.61,E-Wallet,41,5
2023-10-08,Store_B,Clothing,274.79,1,10,247.31,E-Wallet,30,5
2023-03-20,Store_B,Sports,117.45,3,15,299.5,E-Wallet,47,5
2023-05-03,Store_C,Home,390.29,4,0,1561.15,Card,49,5
2023-12-08,Store_D,Electronics,315.68,1,10,284.11,Cash,19,2
2023-11-12,Store_B,Home,13.2,1,15,11.22,E-Wallet,52,4
2023-11-28,Store_C,Home,330.86,2,20,529.38,Card,61,5
2023-07-28,Store_B,Groceries,497.9,4,0,1991.59,Cash,59,2
2023-10-27,Store_A,Electronics,27.15,2,15,46.16,Card,33,5
2023-08-17,Store_B,Electronics,297.47,1,10,267.72,E-Wallet,33,4
2023-04-02,Store_D,Sports,471.34,4,20,1508.28,Cash,20,3
2023-12-26,Store_C,Sports,497.61,1,20,398.09,Cash,34,2
2023-01-20,Store_A,Clothing,253.87,1,10,228.49,Cash,53,1
2023-07-08,Store_A,Clothing,201.65,2,10,362.96,E-Wallet,43,4
2023-03-08,Store_A,Clothing,171.32,3,20,411.16,Card,18,3
2023-06-10,Store_B,Groceries,399.7,3,5,1139.16,Cash,33,3
2023-05-08,Store_A,Home,251.82,1,15,214.05,E-Wallet,38,3
2023-11-29,Store_B,Groceries,340.51,4,5,1293.93,Card,25,4
2023-02-04,Store_B,Groceries,270.55,2,0,541.1,E-Wallet,30,2
2023-07-17,Store_B,Clothing,45.21,2,10,81.38,Cash,27,3
2023-09-07,Store_D,Sports,455.09,2,10,819.16,Card,27,5
2023-04-02,Store_B,Clothing,436.73,2,20,698.77,E-Wallet,56,1
2023-05-21,Store_C,Sports,65.22,3,0,195.65,Cash,35,2
2023-07-29,Store_B,Groceries,402.86,3,20,966.86,E-Wallet,39,5
2023-04-14,Store_B,Clothing,107.6,2,5,204.45,E-Wallet,22,2
2023-01-04,Store_B,Electronics,382.98,4,20,1225.55,E-Wallet,37,3
2023-03-18,Store_D,Electronics,330.46,3,0,991.38,E-Wallet,43,4
2023-06-21,Store_A,Electronics,384.46,4,10,1384.07,E-Wallet,50,3
2023-11-07,Store_D,Home,148.89,4,0,595.55,Card,32,2
2023-09-09,Store_D,Electronics,461.74,4,5,1754.61,Card,51,3
2023-12-30,Store_B,Home,299.8,3,10,809.46,E-Wallet,64,4
2023-07-05,Store_D,Groceries,451.57,3,20,1083.76,Card,20,1
2023-03-09,Store_A,Groceries,144.55,4,0,578.18,E-Wallet,31,4
2023-05-17,Store_A,Clothing,447.65,4,20,1432.49,E-Wallet,18,2
2023-10-16,Store_C,Sports,56.46,4,5,214.56,Card,59,1
2023-07-14,Store_A,Sports,373.77,1,10,336.39,Cash,19,1
2023-05-25,Store_A,Electronics,284.25,4,0,1137.0,E-Wallet,39,5
2023-01-19,Store_A,Groceries,415.9,2,15,707.04,Cash,44,3
2023-07-27,Store_A,Home,445.04,3,0,1335.13,Cash,42,1
2023-04-24,Store_A,Sports,20.36,2,15,34.61,Cash,43,3
2023-10-20,Store_C,Groceries,40.64,4,15,138.16,Cash,19,5
2023-12-25,Store_B,Home,226.56,4,5,860.93,Cash,56,5
2023-11-23,Store_A,Groceries,277.82,4,15,944.57,Cash,62,5
2023-04-06,Store_A,Electronics,114.15,3,0,342.44,Cash,64,2
2023-03-16,Store_A,Clothing,289.54,3,5,825.18,Card,24,1
2023-09-25,Store_C,Clothing,217.75,2,15,370.18,E-Wallet,45,4
2023-05-26,Store_C,Sports,60.62,3,15,154.58,E-Wallet,24,2
2023-10-28,Store_A,Clothing,281.35,3,0,844.06,Card,38,4
2023-06-03,Store_A,Electronics,462.33,1,10,416.1,Cash,41,3
2023-07-28,Store_C,Clothing,193.99,3,15,494.69,Cash,54,5
2023-11-30,Store_C,Sports,7.46,4,20,23.86,Cash,39,1
2023-03-10,Store_A,Groceries,306.75,2,20,490.8,Cash,51,1
2023-10-15,Store_A,Electronics,486.5,1,15,413.52,Cash,36,5
2023-06-26,Store_D,Home,400.55,4,15,1361.87,E-Wallet,64,4
2023-07-08,Store_D,Clothing,345.75,2,20,553.19,Cash,20,4
2023-02-13,Store_B,Groceries,216.5,3,20,519.6,Cash,27,5
2023-03-14,Store_B,Electronics,474.76,1,0,474.76,E-Wallet,32,2
2023-06-14,Store_B,Clothing,434.88,3,10,1174.18,Card,21,1
2023-02-14,Store_B,Electronics,116.67,4,20,373.36,E-Wallet,47,3
2023-11-28,Store_D,Home,322.83,2,5,613.38,Card,36,2
2023-03-10,Store_A,Groceries,207.63,4,10,747.45,Card,50,1
2023-11-28,Store_A,Home,494.63,2,15,840.87,Card,57,2
2023-09-28,Store_A,Electronics,258.94,4,10,932.17,Cash,55,1
2023-11-15,Store_A,Home,333.27,4,15,1133.11,Cash,49,4
2023-06-16,Store_C,Home,110.39,1,0,110.39,Cash,51,5
2023-09-07,Store_C,Sports,257.77,4,15,876.43,E-Wallet,53,3
2023-04-07,Store_D,Home,160.94,3,20,386.26,Cash,18,2
2023-04-09,Store_D,Clothing,383.07,1,20,306.45,Card,62,4
2023-12-12,Store_B,Sports,229.17,4,10,825.0,E-Wallet,35,4
2023-10-21,Store_A,Home,422.18,3,0,1266.54,Cash,37,5
2023-01-19,Store_B,Clothing,173.41,2,20,277.46,E-Wallet,25,1
2023-04-28,Store_B,Clothing,317.51,3,20,762.03,E-Wallet,33,3
2023-08-31,Store_A,Sports,383.57,1,10,345.21,Card,26,4
2023-05-10,Store_A,Clothing,182.78,1,20,146.22,E-Wallet,19,2
2023-06-24,Store_A,Electronics,334.3,4,10,1203.49,Cash,35,3
2023-02-01,Store_D,Home,495.42,4,0,1981.69,E-Wallet,48,2
2023-05-12,Store_C,Sports,143.63,2,5,272.9,E-Wallet,61,1
2023-10-31,Store_D,Sports,44.1,2,15,74.96,E-Wallet,21,4
2023-05-15,Store_D,Clothing,462.6,1,15,393.21,Card,47,5
2023-06-19,Store_B,Clothing,207.77,4,10,747.96,Cash,21,3
2023-10-04,Store_A,Clothing,470.17,4,10,1692.6,Cash,54,2
2023-08-15,Store_A,Home,228.69,1,10,205.83,E-Wallet,42,5
2023-06-02,Store_B,Electronics,287.19,1,20,229.75,Cash,55,2
2023-01-20,Store_A,Electronics,188.63,1,15,160.33,Card,59,2
2023-09-06,Store_D,Clothing,124.32,2,15,211.34,E-Wallet,42,4
2023-06-18,Store_A,Electronics,341.03,1,20,272.83,E-Wallet,59,5
2023-11-14,Store_C,Clothing,498.18,4,5,1893.1,Card,45,3
2023-01-09,Store_B,Electronics,432.7,1,0,432.7,Cash,19,4
2023-07-15,Store_D,Home,247.22,4,10,890.0,Card,53,1
2023-09-24,Store_D,Clothing,392.94,3,10,1060.94,E-Wallet,39,2
2023-07-28,Store_D,Groceries,37.17,2,5,70.62,E-Wallet,25,1
2023-07-28,Store_B,Sports,274.05,3,20,657.72,Card,41,5
2023-06-16,Store_C,Sports,147.67,4,0,590.68,Cash,45,3
2023-12-10,Store_B,Home,78.93,2,0,157.86,Card,35,5
2023-09-09,Store_C,Home,94.58,4,5,359.41,Card,44,1
2023-09-03,Store_A,Groceries,131.48,2,20,210.37,Cash,47,5
2023-04-15,Store_C,Sports,271.44,2,15,461.45,Cash,47,5
2023-10-23,Store_B,Groceries,32.26,4,0,129.04,Card,52,5
2023-03-13,Store_C,Groceries,66.19,1,10,59.57,E-Wallet,57,4
2023-04-28,Store_C,Sports,292.88,3,10,790.78,Cash,44,3
2023-12-06,Store_B,Groceries,74.55,1,0,74.55,Card,19,5
2023-01-26,Store_C,Clothing,421.05,2,15,715.79,Cash,27,4
2023-03-20,Store_B,Groceries,183.11,3,5,521.85,Cash,43,3
2023-12-14,Store_B,Electronics,294.88,3,5,840.42,Card,35,5
2023-10-31,Store_B,Electronics,85.08,4,5,323.29,Card,28,3
2023-11-05,Store_D,Clothing,257.65,2,20,412.24,Card,49,1
2023-08-27,Store_B,Home,13.46,4,10,48.47,E-Wallet,28,4
2023-04-29,Store_D,Clothing,221.26,4,0,885.05,Card,42,2
2023-12-07,Store_B,Clothing,470.54,1,0,470.54,E-Wallet,39,2
2023-03-01,Store_D,Clothing,491.21,4,5,1866.59,E-Wallet,20,2
2023-10-02,Store_B,Home,257.76,4,15,876.37,Cash,50,2
2023-11-29,Store_A,Groceries,392.4,2,15,667.09,Cash,23,5
2023-12-21,Store_C,Electronics,485.05,3,0,1455.14,Cash,24,5
2023-04-02,Store_A,Clothing,44.12,2,5,83.83,E-Wallet,47,1
2023-09-23,Store_C,Electronics,253.82,2,5,482.25,E-Wallet,50,3
2023-10-07,Store_C,Home,392.34,2,15,666.98,Card,61,3
2023-06-19,Store_D,Electronics,455.55,1,5,432.77,E-Wallet,46,4
2023-06-04,Store_A,Clothing,282.86,4,15,961.73,Cash,48,1
2023-09-30,Store_C,Electronics,297.87,3,0,893.62,Card,58,4
2023-12-24,Store_A,Sports,27.28,3,10,73.66,Cash,25,3
2023-10-06,Store_B,Sports,84.41,3,5,240.56,Card,53,5
2023-06-03,Store_A,Home,158.46,1,10,142.61,E-Wallet,63,4
2023-08-15,Store_D,Clothing,325.43,3,20,781.03,Cash,52,1
2023-07-26,Store_D,Clothing,397.96,2,0,795.91,E-Wallet,47,1
2023-07-23,Store_D,Groceries,486.29,4,15,1653.39,E-Wallet,30,2
2023-05-28,Store_B,Home,471.2,2,15,801.05,Cash,19,3
2023-04-05,Store_D,Electronics,257.81,3,20,618.75,Card,61,2
2023-09-11,Store_A,Electronics,67.59,4,15,229.81,Cash,54,2
2023-10-07,Store_B,Sports,342.19,1,5,325.08,Cash,28,1
2023-09-18,Store_A,Home,154.41,2,0,308.83,E-Wallet,25,4
2023-02-12,Store_A,Groceries,146.04,3,0,438.11,Card,47,2
2023-06-15,Store_A,Sports,157.82,1,5,149.93,Card,50,2
2023-02-13,Store_D,Clothing,229.57,2,5,436.18,E-Wallet,23,2
2023-01-18,Store_A,Sports,61.42,1,5,58.35,E-Wallet,38,3
2023-12-13,Store_A,Clothing,345.72,1,15,293.86,Card,27,2
2023-10-18,Store_D,Sports,62.39,1,5,59.27,Card,57,3
2023-06-27,Store_C,Clothing,341.51,2,15,580.56,Card,49,4
2023-04-17,Store_B,Clothing,56.46,3,10,152.45,E-Wallet,26,5
2023-07-02,Store_D,Sports,396.54,4,15,1348.22,Card,25,2
2023-02-13,Store_B,Home,180.43,2,15,306.74,Card,27,1
2023-12-26,Store_D,Clothing,145.41,2,20,232.65,Card,47,4
2023-07-26,Store_D,Clothing,357.47,4,20,1143.91,E-Wallet,49,4
2023-11-29,Store_A,Home,376.41,2,15,639.89,E-Wallet,52,2
2023-01-28,Store_B,Groceries,373.51,2,15,634.97,Card,39,1
2023-01-13,Store_A,Clothing,117.16,1,15,99.59,Card,37,3
2023-10-27,Store_B,Electronics,274.1,3,15,698.95,E-Wallet,56,2
2023-08-10,Store_B,Home,124.9,2,20,199.83,E-Wallet,52,4
2023-04-02,Store_B,Sports,199.03,3,20,477.66,E-Wallet,54,3
2023-03-25,Store_B,Sports,411.6,3,5,1173.06,Card,38,4
2023-05-12,Store_B,Groceries,13.75,4,20,44.0,E-Wallet,42,3
2023-10-09,Store_C,Electronics,310.33,3,15,791.34,Card,35,2
2023-05-27,Store_A,Home,61.05,3,0,183.16,E-Wallet,63,1
2023-12-06,Store_D,Clothing,300.7,3,20,721.69,Cash,39,1
2023-09-21,Store_A,Clothing,289.0,4,0,1155.98,E-Wallet,54,3
2023-06-06,Store_D,Sports,147.1,3,5,419.22,Cash,60,1
2023-06-05,Store_B,Clothing,278.49,2,10,501.27,Card,52,4
2023-01-30,Store_B,Clothing,273.49,4,15,929.87,Card,26,4
2023-06-20,Store_C,Electronics,237.02,1,5,225.17,E-Wallet,36,4
2023-02-03,Store_C,Sports,349.53,2,0,699.05,E-Wallet,50,1
2023-12-13,Store_B,Home,420.54,1,20,336.43,Cash,53,2
2023-11-28,Store_B,Electronics,205.01,2,10,369.01,Cash,48,4
2023-12-10,Store_C,Electronics,24.51,3,5,69.86,E-Wallet,33,4
2023-07-06,Store_A,Groceries,128.88,3,0,386.65,Cash,59,1
2023-05-25,Store_C,Home,184.97,2,5,351.44,E-Wallet,52,5
2023-03-13,Store_B,Clothing,336.03,2,0,672.05,Cash,58,5
2023-05-01,Store_B,Home,316.13,4,20,1011.62,Card,24,4
2023-01-08,Store_D,Home,316.5,3,10,854.56,Card,18,5
2023-10-19,Store_C,Home,20.96,2,0,41.92,Cash,31,2
2023-12-13,Store_D,Home,84.85,1,15,72.12,Card,46,3
2023-06-02,Store_D,Groceries,233.42,3,10,630.25,E-Wallet,53,1
2023-07-21,Store_C,Home,250.91,3,15,639.82,E-Wallet,42,5
2023-06-01,Store_B,Clothing,33.62,4,20,107.58,Card,64,1
2023-01-01,Store_D,Sports,110.02,3,0,330.05,E-Wallet,32,5
2023-12-23,Store_A,Groceries,207.16,1,15,176.09,E-Wallet,44,1
2023-08-01,Store_B,Home,443.71,1,10,399.34,Cash,23,5
2023-10-13,Store_C,Sports,228.26,3,20,547.82,Card,31,3
2023-03-12,Store_D,Home,313.61,1,10,282.25,Cash,47,2
2023-05-08,Store_B,Groceries,212.98,3,0,638.95,E-Wallet,25,5
2023-12-25,Store_D,Groceries,347.65,1,10,312.88,Cash,61,3
2023-03-04,Store_D,Clothing,30.45,2,5,57.85,Card,20,5
2023-07-12,Store_C,Sports,178.42,2,0,356.85,E-Wallet,44,4
2023-04-19,Store_C,Home,377.55,3,5,1076.03,E-Wallet,28,2
2023-09-26,Store_C,Sports,74.94,1,15,63.7,E-Wallet,30,2
2023-06-14,Store_C,Electronics,38.17,3,0,114.52,Cash,50,5
2023-02-01,Store_A,Groceries,275.13,3,10,742.86,Cash,33,1
2023-08-31,Store_B,Electronics,269.45,3,15,687.1,Card,59,1
2023-05-02,Store_B,Clothing,214.42,4,5,814.78,Cash,51,4
2023-12-16,Store_B,Home,140.48,1,15,119.4,Cash,52,4
2023-08-06,Store_B,Clothing,217.28,4,10,782.21,Cash,26,4
2023-12-18,Store_D,Sports,145.13,2,20,232.21,Cash,38,1
2023-05-16,Store_A,Electronics,464.81,1,10,418.33,Card,30,3
2023-10-13,Store_C,Electronics,149.34,2,10,268.8,Card,48,4
2023-08-04,Store_A,Clothing,104.02,4,0,416.06,Cash,24,4
2023-07-01,Store_C,Groceries,318.77,2,5,605.67,Card,36,1
2023-08-04,Store_C,Groceries,393.92,2,15,669.66,Cash,19,4
2023-11-16,Store_B,Clothing,344.15,3,20,825.97,E-Wallet,30,4
2023-08-16,Store_C,Electronics,397.99,3,15,1014.88,Cash,33,2
2023-11-27,Store_D,Home,175.6,3,0,526.8,Card,22,5
2023-02-18,Store_C,Electronics,203.76,1,20,163.01,Card,63,1
2023-10-23,Store_B,Sports,231.82,1,10,208.64,Card,63,5
2023-11-18,Store_B,Electronics,479.44,3,15,1222.58,Cash,50,5
2023-10-22,Store_B,Electronics,297.45,2,15,505.67,E-Wallet,32,2
2023-01-03,Store_D,Electronics,84.99,4,15,288.98,Card,43,4
2023-05-19,Store_A,Groceries,274.34,3,0,823.02,E-Wallet,18,2
2023-06-06,Store_D,Groceries,120.64,4,15,410.19,E-Wallet,38,1
2023-11-18,Store_B,Clothing,324.28,4,10,1167.39,Card,35,5
2023-02-13,Store_A,Electronics,264.68,1,10,238.21,Cash,46,2
2023-07-25,Store_B,Electronics,382.48,2,5,726.7,Card,61,1
2023-09-18,Store_D,Clothing,488.43,4,10,1758.33,Card,64,4
2023-11-01,Store_D,Electronics,78.96,3,10,213.2,E-Wallet,51,1
2023-10-10,Store_A,Electronics,64.88,3,10,175.17,E-Wallet,33,2
2023-06-06,Store_C,Electronics,440.42,2,15,748.71,E-Wallet,61,4
2023-06-23,Store_A,Sports,315.44,2,5,599.33,Cash,48,5
2023-12-28,Store_D,Groceries,310.18,2,5,589.35,Card,25,4
2023-04-01,Store_B,Sports,169.76,2,10,305.57,Card,25,1
2023-05-30,Store_A,Home,496.89,3,10,1341.6,E-Wallet,30,1
2023-01-01,Store_D,Groceries,297.37,1,0,297.37,Cash,49,3
2023-10-24,Store_B,Electronics,71.83,1,5,68.24,Card,30,5
2023-07-08,Store_A,Clothing,422.27,1,5,401.16,Card,49,3
2023-08-03,Store_B,Groceries,114.37,2,15,194.43,E-Wallet,38,3
2023-12-18,Store_A,Groceries,113.99,4,5,433.16,Card,37,1
2023-07-29,Store_B,Clothing,62.25,4,0,249.02,E-Wallet,23,4
2023-05-18,Store_A,Sports,433.56,2,5,823.77,Cash,64,2
2023-06-15,Store_C,Home,6.4,4,5,24.33,E-Wallet,61,1
2023-04-23,Store_D,Electronics,300.99,4,15,1023.36,E-Wallet,28,2
2023-02-14,Store_A,Sports,356.11,3,15,908.08,E-Wallet,33,3
2023-10-15,Store_B,Electronics,447.86,3,15,1142.05,Cash,41,5
2023-12-27,Store_C,Groceries,193.74,1,5,184.05,E-Wallet,29,2
2023-04-19,Store_A,Sports,120.03,4,0,480.11,Card,58,1
2023-06-12,Store_D,Sports,323.82,4,0,1295.29,Card,44,2
2023-02-20,Store_C,Sports,219.24,4,5,833.11,Cash,35,5
2023-01-20,Store_D,Groceries,440.6,1,5,418.57,Cash,36,5
2023-04-10,Store_D,Home,492.1,4,10,1771.57,E-Wallet,29,1
2023-09-15,Store_B,Electronics,113.48,1,0,113.48,Card,38,1
2023-12-27,Store_C,Groceries,17.3,1,20,13.84,Cash,59,3
2023-09-30,Store_A,Sports,342.97,2,15,583.05,Cash,23,1
2023-05-21,Store_B,Home,209.74,4,20,671.17,Card,41,1
2023-04-21,Store_A,Clothing,192.6,3,10,520.03,Cash,44,3
2023-02-02,Store_A,Clothing,170.3,1,5,161.79,E-Wallet,63,3
2023-12-01,Store_D,Clothing,42.24,4,10,152.06,Card,59,2
2023-11-15,Store_B,Sports,405.4,2,5,770.26,Cash,54,5
2023-04-11,Store_B,Home,439.26,2,5,834.6,Card,53,3
2023-11-13,Store_D,Groceries,200.28,4,10,721.02,Cash,59,5
2023-11-23,Store_B,Electronics,258.7,1,20,206.96,Cash,23,3
2023-02-16,Store_C,Home,114.39,4,0,457.57,E-Wallet,41,5
2023-07-14,Store_D,Electronics,437.65,1,10,393.89,Card,59,5
2023-08-26,Store_B,Sports,411.7,1,5,391.12,E-Wallet,29,3
2023-09-15,Store_C,Groceries,177.57,2,15,301.87,Card,50,5
2023-11-30,Store_C,Clothing,270.54,4,0,1082.15,Card,39,1
2023-05-16,Store_D,Groceries,59.02,2,5,112.14,Cash,39,5
2023-10-14,Store_D,Home,409.44,4,10,1473.97,Cash,34,1
2023-01-07,Store_C,Home,134.21,1,15,114.08,Card,28,3
2023-07-12,Store_D,Electronics,261.45,3,0,784.34,Cash,61,3
2023-11-21,Store_C,Sports,297.08,3,20,712.98,Card,55,5
2023-11-20,Store_B,Home,107.64,1,10,96.87,E-Wallet,31,5
2023-11-30,Store_C,Electronics,313.56,4,0,1254.26,Cash,20,5
2023-07-11,Store_D,Home,176.06,3,15,448.96,Cash,53,3
2023-08-22,Store_D,Electronics,338.3,2,5,642.77,Card,34,5
2023-04-10,Store_B,Clothing,491.05,1,20,392.84,E-Wallet,51,3
2023-07-15,Store_D,Home,455.5,3,5,1298.18,Card,48,2
2023-09-30,Store_C,Clothing,11.89,4,0,47.55,Cash,48,2
2023-10-14,Store_C,Groceries,279.78,3,5,797.37,Card,40,3
2023-05-23,Store_C,Electronics,278.78,4,20,892.11,E-Wallet,60,4
2023-05-23,Store_A,Electronics,86.88,4,5,330.16,Cash,25,5
2023-04-21,Store_D,Groceries,23.86,1,20,19.08,Card,36,1
2023-04-04,Store_D,Sports,132.54,2,15,225.31,Card,25,4
2023-05-14,Store_A,Clothing,294.11,2,5,558.81,Cash,46,2
2023-01-16,Store_B,Electronics,272.53,3,0,817.6,Card,61,4
2023-11-02,Store_A,Electronics,262.56,1,10,236.3,E-Wallet,18,4
2023-11-29,Store_B,Groceries,160.06,4,20,512.2,Card,64,4
2023-08-28,Store_A,Groceries,307.12,3,0,921.36,Cash,18,4
2023-03-16,Store_A,Home,349.65,4,15,1188.8,E-Wallet,23,4
2023-12-17,Store_A,Clothing,366.02,3,10,988.25,E-Wallet,22,3
2023-08-27,Store_A,Sports,354.87,1,0,354.87,Card,20,3
2023-07-12,Store_C,Clothing,251.14,3,0,753.43,Card,23,1
2023-07-27,Store_C,Groceries,25.95,1,0,25.95,Cash,29,5
2023-08-22,Store_D,Groceries,358.73,2,0,717.46,E-Wallet,40,3
2023-04-10,Store_A,Groceries,36.92,3,15,94.14,Card,32,3
2023-03-18,Store_C,Home,469.1,3,0,1407.3,Cash,33,4
2023-05-07,Store_C,Home,342.18,2,5,650.14,Card,23,2
2023-01-05,Store_B,Groceries,274.36,4,10,987.69,E-Wallet,41,1
2023-12-13,Store_A,Groceries,485.35,2,15,825.1,E-Wallet,51,5
2023-04-20,Store_C,Home,240.87,4,20,770.79,Card,40,3
2023-01-30,Store_A,Sports,297.01,4,10,1069.24,Card,59,2
2023-04-08,Store_C,Home,65.38,4,20,209.23,E-Wallet,57,5
2023-11-12,Store_D,Clothing,132.66,3,5,378.08,Cash,25,5
2023-11-14,Store_D,Clothing,56.18,1,0,56.18,Cash,57,1
2023-10-20,Store_D,Home,11.82,3,15,30.15,Cash,64,1
2023-12-27,Store_C,Clothing,357.71,4,10,1287.77,E-Wallet,43,4
2023-04-21,Store_C,Clothing,445.64,4,10,1604.32,Card,21,1
2023-02-02,Store_A,Electronics,242.08,4,10,871.5,E-Wallet,56,3
2023-10-26,Store_C,Electronics,188.23,3,10,508.23,Cash,23,1
2023-05-25,Store_B,Groceries,381.66,3,20,915.98,E-Wallet,32,1
2023-12-21,Store_A,Sports,272.77,2,0,545.53,E-Wallet,28,4
2023-06-23,Store_C,Sports,67.61,4,20,216.36,Card,34,3
2023-09-21,Store_C,Clothing,336.33,3,10,908.1,Card,32,2
2023-02-13,Store_C,Sports,287.3,2,20,459.68,Cash,44,2
2023-12-30,Store_D,Home,224.86,2,15,382.26,Cash,38,5
2023-09-01,Store_C,Clothing,238.18,4,0,952.72,Cash,41,1
2023-08-17,Store_C,Electronics,417.5,4,10,1503.02,Card,43,3
2023-08-21,Store_A,Groceries,300.17,1,20,240.14,Cash,22,5
2023-10-16,Store_B,Home,382.16,2,0,764.32,Cash,31,2
2023-08-05,Store_D,Sports,279.84,1,0,279.84,Card,20,2
2023-11-28,Store_B,Groceries,93.1,4,10,335.17,Card,50,2
2023-03-17,Store_A,Clothing,339.02,2,10,610.23,E-Wallet,29,4
2023-06-06,Store_A,Electronics,293.37,4,15,997.46,Card,28,1
2023-12-10,Store_D,Sports,48.67,2,15,82.73,Card,41,3
2023-02-27,Store_D,Home,16.7,3,15,42.59,E-Wallet,40,4
2023-07-04,Store_A,Electronics,268.43,3,10,724.75,Cash,61,5
2023-11-19,Store_B,Groceries,117.14,3,10,316.27,Card,20,3
2023-11-08,Store_B,Clothing,331.17,1,0,331.17,E-Wallet,62,1
2023-12-23,Store_B,Electronics,191.94,4,20,614.2,E-Wallet,39,5
2023-05-26,Store_D,Electronics,14.86,4,15,50.51,E-Wallet,52,5
2023-10-03,Store_B,Home,377.63,4,10,1359.48,Card,47,2
2023-03-01,Store_A,Home,77.7,4,5,295.27,Card,28,1
2023-10-13,Store_A,Sports,181.31,4,10,652.72,Cash,48,5
2023-06-12,Store_D,Home,483.84,3,10,1306.37,E-Wallet,40,5
